,id,name,ibu,target_fg,target_og,ebc,srm,ph
0,16,Libertine Porter,45.0,1020.0,1067.0,219.0,109.5,4.4
1,99,Hello My Name Is Päivi,70.0,1013.0,1076.0,30.0,15.0,4.4
2,275,Sidewalk Shark,22.0,1008.0,1055.0,7.0,4.0,3.8
3,308,Very Big Moose,25.0,1038.0,1128.0,100.0,50.0,4.4
4,26,Skull Candy,33.0,1012.0,1038.0,50.0,25.0,4.4
5,67,Hunter Foundation Pale Ale,35.0,1008.0,1050.0,11.5,5.75,4.4
6,147,Hello My Name Is Little Ingrid,35.0,1012.0,1045.0,30.0,15.0,4.4
7,93,Mango Gose - B-Sides,40.0,1000.0,1057.0,10.0,5.0,3.5
8,39,Kohatu - IPA Is Dead,70.0,1012.0,1067.0,30.0,15.0,4.4
9,42,Hardcore IPA,125.0,1016.0,1085.0,40.0,20.0,4.4
10,232,Ace Of Equinox,40.0,1011.0,1045.0,18.0,9.0,4.2
11,80,AB:04,80.0,1018.0,1113.0,400.0,200.0,4.0
12,7,AB:12,35.0,1017.0,1108.0,80.0,40.0,5.3
13,1,Buzz,60.0,1010.0,1044.0,20.0,10.0,4.4
14,151,Rhubarb Saison - B-Sides,25.0,1008.0,1052.0,10.0,5.0,5.2
15,75,Never Mind The Anabolics,35.0,1012.0,1050.0,23.0,11.5,4.4
16,257,Semi Skimmed Occultist,70.0,1014.0,1080.0,160.0,81.28,4.1
17,69,AB:16,55.0,1012.0,1090.0,30.0,15.0,4.4
18,185,Tactical Nuclear Penguin,1157.0,1028.0,1157.0,250.0,127.0,4.4
19,72,Whisky Sour - B-Sides,20.0,1021.0,1081.0,12.0,6.0,3.2
20,290,Hello My Name Is Niamh,70.0,1009.0,1070.0,15.0,8.0,4.4
21,12,Arcade Nation,60.0,1012.0,1052.0,200.0,100.0,4.2
22,181,Vic Secret,70.0,1012.0,1069.0,30.0,15.0,4.4
23,188,Paradox Jura,55.0,1014.0,1128.0,300.0,152.0,4.4
24,68,Hype,65.0,1010.0,1042.0,17.0,8.5,4.4
25,264,Small Batch: East Coast Crush,25.0,1010.0,1047.0,15.0,8.0,4.2
26,172,Single Hop Enigma IPA - B-Sides,50.0,1011.0,1050.0,10.0,5.0,4.4
27,318,Neverland,40.0,1007.0,1048.0,12.0,6.0,4.2
28,17,AB:06,150.0,1013.0,1098.0,70.0,35.0,
29,218,Monk Hammer,250.0,1010.0,1065.0,15.0,7.5,4.4
30,199,Alice Porter,55.0,1013.0,1053.0,165.0,82.5,5.2
31,234,Neon Overlord,70.0,1012.0,1067.0,20.0,10.0,4.4
32,110,Truffle and Chocolate Stout - B-Sides,30.0,1015.0,1058.0,54.0,27.0,4.4
33,110,Truffle and Chocolate Stout - B-Sides,30.0,1015.0,1058.0,54.0,27.0,4.4
34,285,Hello My Name Is Sari,70.0,1009.0,1070.0,15.0,8.0,4.4
35,135,Growler,38.0,1008.0,1042.9,18.0,9.0,4.4
36,286,Hello My Name Is Aune,70.0,1009.0,1070.0,15.0,8.0,4.4
37,93,Mango Gose - B-Sides,40.0,1000.0,1057.0,10.0,5.0,3.5
38,137,Sink The Bismarck!,1085.0,1016.0,1085.0,40.0,20.0,4.4
39,201,Waimea - IPA Is Dead,70.0,1015.0,1066.0,30.0,15.0,4.4
40,61,Magic Stone Dog (w/Magic Rock & Stone Brewing Co.),30.0,1008.0,1043.0,15.0,7.5,4.4
41,142,Orange Blossom - B-Sides,20.0,1000.0,1039.0,6.0,3.0,5.2
42,180,Doodlebug,35.0,1008.0,1027.0,10.0,5.0,4.2
43,70,Sunmaid Stout,50.0,1102.0,1026.0,197.0,100.0,4.4
44,61,Magic Stone Dog (w/Magic Rock & Stone Brewing Co.),30.0,1008.0,1043.0,15.0,7.5,4.4
45,266,Small Batch: Lemon Meringue Pie,5.0,1015.0,1066.0,7.0,4.0,4.0
46,229,Rye Hammer,250.0,1010.0,1065.0,17.0,8.5,4.4
47,151,Rhubarb Saison - B-Sides,25.0,1008.0,1052.0,10.0,5.0,5.2
48,23,Storm,60.0,1010.0,1082.0,12.0,6.0,4.4
49,188,Paradox Jura,55.0,1014.0,1128.0,300.0,152.0,4.4
50,252,Small Batch: Dortmunder,32.0,1009.0,1049.0,15.0,7.62,5.2
51,103,Clown King,85.0,1020.0,1130.0,24.0,12.0,4.4
52,21,Vice Bier,25.0,1010.0,1043.0,30.0,15.0,4.0
53,229,Rye Hammer,250.0,1010.0,1065.0,17.0,8.5,4.4
54,73,Black Eyed King Imp - Vietnamese Coffee Edition,85.0,1038.0,1113.5,250.0,125.0,5.2
55,17,AB:06,150.0,1013.0,1098.0,70.0,35.0,
56,181,Vic Secret,70.0,1012.0,1069.0,30.0,15.0,4.4
57,191,Interstellar,55.0,1011.0,1059.0,50.0,25.0,4.4
58,234,Neon Overlord,70.0,1012.0,1067.0,20.0,10.0,4.4
59,33,Sorachi Ace,75.0,1013.0,1068.0,30.0,15.0,4.4
60,142,Orange Blossom - B-Sides,20.0,1000.0,1039.0,6.0,3.0,5.2
61,325,Zipcode,37.0,1006.0,1044.0,5.0,3.0,4.4
62,233,Ace Of Citra,40.0,1011.0,1045.0,18.0,9.0,4.2
63,232,Ace Of Equinox,40.0,1011.0,1045.0,18.0,9.0,4.2
64,319,Grano Giusto,28.0,1009.0,1052.0,55.0,28.0,4.3
65,206,Black Jacques,45.0,1005.0,1089.0,15.0,7.5,4.4
66,223,Prototype Pils 2.0,25.0,1044.0,1008.0,25.0,5.0,4.2
67,245,Beatnik,60.0,1013.0,1075.0,60.0,30.5,5.2
68,202,Dog C,90.0,1003.0,1120.0,100.0,50.0,4.4
69,93,Mango Gose - B-Sides,40.0,1000.0,1057.0,10.0,5.0,3.5
70,26,Skull Candy,33.0,1012.0,1038.0,50.0,25.0,4.4
71,324,Fools Gold Dortmunder Lager,32.0,1009.0,1052.0,11.0,6.0,4.2
72,298,Declassified Demi-God,70.0,1020.0,1127.0,90.0,46.0,4.1
73,233,Ace Of Citra,40.0,1011.0,1045.0,18.0,9.0,4.2
74,74,Eurotrash,52.0,1010.0,1041.0,17.0,8.5,5.2
75,83,Comet,70.0,1012.0,1067.0,30.0,15.0,4.4
76,259,Tropic Thunder,25.0,1020.0,1074.0,170.0,86.36,4.2
77,130,Spiced Cherry Sour - B-Sides,20.0,1010.0,1060.0,,,3.2
78,88,Bavarian Weizen,55.0,1012.0,1060.0,30.0,15.0,4.4
79,9,AB:07,30.0,1020.0,1106.0,84.0,42.0,5.6
80,218,Monk Hammer,250.0,1010.0,1065.0,15.0,7.5,4.4
81,151,Rhubarb Saison - B-Sides,25.0,1008.0,1052.0,10.0,5.0,5.2
82,168,Jack Hammer,250.0,1010.0,1065.0,15.0,7.5,4.4
83,11,Misspent Youth,30.0,1020.0,1079.0,120.0,60.0,4.4
84,159,Black Tokyo Horizon (w/Nøgne Ø & Mikkeller),75.0,1030.0,1156.0,128.0,64.0,4.4
85,178,Simcoe,70.0,1012.0,1063.0,30.0,15.0,4.4
86,283,AB:24,50.0,1019.0,1110.0,220.0,112.0,4.4
87,272,Small Batch: Spelt & Honey Saison,22.0,1008.0,1046.0,8.0,4.0,4.1
88,98,Pumpkin King,20.0,1014.0,1055.0,30.0,15.0,4.4
89,206,Black Jacques,45.0,1005.0,1089.0,15.0,7.5,4.4
90,258,Paradox Rye,100.0,1015.0,1112.0,300.0,152.0,4.4
91,13,Movember,50.0,1012.0,1047.0,140.0,70.0,5.2
92,231,Ace Of Chinook,40.0,1011.0,1045.0,18.0,9.0,4.2
93,83,Comet,70.0,1012.0,1067.0,30.0,15.0,4.4
94,50,Lost Dog (w/Lost Abbey),35.0,1012.0,1080.0,80.0,40.0,4.4
95,64,Sub Hop,35.0,1016.0,1077.0,15.0,7.5,4.4
96,38,Belgian Trappist,55.0,1012.0,1060.0,30.0,15.0,4.4
97,200,Double IPA - Russian Doll,85.0,1013.0,1074.0,35.0,17.5,5.2
98,225,Paradox Islay 2.0,100.0,1112.0,1015.0,300.0,152.0,4.4
99,105,Hello My Name Is Beastie,42.0,1013.0,1078.0,90.0,45.0,4.4
100,34,Bourbon Baby,35.0,1005.0,1049.0,44.0,22.0,4.4
101,299,Raspberry Popsicle Parade,8.0,1005.0,1009.0,8.0,4.0,3.5
102,53,Baby Dogma,35.0,1013.0,1048.0,40.0,20.0,4.4
103,197,Moshi Moshi 15,45.0,1011.0,1048.0,35.0,17.5,4.4
104,202,Dog C,90.0,1003.0,1120.0,100.0,50.0,4.4
105,164,Ella - IPA Is Dead,100.0,1010.0,1064.0,12.0,6.0,4.4
106,225,Paradox Islay 2.0,100.0,1112.0,1015.0,300.0,152.0,4.4
107,261,Small Batch: Nitro Breakfast Stout,80.0,1027.0,1092.0,88.0,44.7,5.2
108,93,Mango Gose - B-Sides,40.0,1000.0,1057.0,10.0,5.0,3.5
109,273,Prototype Double IPA,60.0,1007.0,1073.0,15.0,8.0,4.2
110,117,Hop Rocker,40.0,1010.0,1052.0,25.0,12.0,4.2
111,40,Hello My Name is Vladimir,70.0,1013.0,1076.0,16.0,8.0,4.4
112,239,#Mashtag 2016,100.0,1010.0,1090.0,15.0,8.0,4.4
113,148,AB:02,70.0,1010.0,1150.0,57.0,28.5,4.4
114,68,Hype,65.0,1010.0,1042.0,17.0,8.5,4.4
115,285,Hello My Name Is Sari,70.0,1009.0,1070.0,15.0,8.0,4.4
116,71,Pale - Russian Doll,35.0,1010.0,1041.0,45.0,22.5,5.2
117,304,Karma Cloud,50.0,1010.0,1060.0,35.0,18.0,4.4
118,113,Hello My Name Is Ingrid,42.0,1013.0,1078.0,70.0,35.0,4.4
119,77,Hobo Pop,50.0,1010.0,1042.0,30.0,15.0,4.4
120,174,Konnichiwa Kitsune,70.0,1012.0,1045.0,30.0,15.0,4.4
121,117,Hop Rocker,40.0,1010.0,1052.0,25.0,12.0,4.2
122,167,Libertine Black Ale,50.0,1013.0,1068.0,150.0,76.0,4.4
123,216,Barrel Aged Hinterland,85.0,1025.0,1094.0,400.0,200.0,4.3
124,55,Amarillo - IPA Is Dead,70.0,1012.0,1067.0,30.0,15.0,4.4
125,84,Baby Saison - B-Sides,9.0,1004.0,1032.0,2.0,1.0,4.4
126,186,Jasmine IPA,40.0,1014.0,1060.0,35.0,17.5,4.4
127,257,Semi Skimmed Occultist,70.0,1014.0,1080.0,160.0,81.28,4.1
128,273,Prototype Double IPA,60.0,1007.0,1073.0,15.0,8.0,4.2
129,320,King of Eights,20.0,1009.0,1065.0,20.0,10.0,4.4
130,242,Crew Brew,100.0,1011.0,1072.0,28.0,14.2,5.2
131,154,No Label,25.0,1009.0,1043.0,10.0,5.0,4.2
132,77,Hobo Pop,50.0,1010.0,1042.0,30.0,15.0,4.4
133,206,Black Jacques,45.0,1005.0,1089.0,15.0,7.5,4.4
134,53,Baby Dogma,35.0,1013.0,1048.0,40.0,20.0,4.4
135,61,Magic Stone Dog (w/Magic Rock & Stone Brewing Co.),30.0,1008.0,1043.0,15.0,7.5,4.4
136,137,Sink The Bismarck!,1085.0,1016.0,1085.0,40.0,20.0,4.4
137,140,Pioneer - IPA Is Dead,100.0,1010.0,1064.0,12.0,6.0,4.4
138,194,Hardkogt IPA,175.0,1014.0,1072.0,40.0,20.0,4.4
139,81,India Session Lager - Prototype Challenge,35.0,1007.0,1040.0,12.0,6.0,4.4
140,26,Skull Candy,33.0,1012.0,1038.0,50.0,25.0,4.4
141,226,Chili Hammer,250.0,1010.0,1065.0,15.0,7.5,4.4
142,151,Rhubarb Saison - B-Sides,25.0,1008.0,1052.0,10.0,5.0,5.2
143,74,Eurotrash,52.0,1010.0,1041.0,17.0,8.5,5.2
144,205,Shareholder Black IPA 2011,80.0,1014.0,1067.0,71.0,36.0,4.4
145,311,Sonic Boom,60.0,1008.0,1058.0,11.0,6.0,4.6
146,253,Small Batch: 90 Shilling,25.0,1010.0,1056.0,40.0,20.32,4.2
147,273,Prototype Double IPA,60.0,1007.0,1073.0,15.0,8.0,4.2
148,131,Motueka,67.0,1064.0,1013.0,19.0,9.5,4.4
149,95,Peroxide Punk,40.0,1009.0,1039.0,18.0,9.0,4.4
150,164,Ella - IPA Is Dead,100.0,1010.0,1064.0,12.0,6.0,4.4
151,213,El Dorado - IPA Is Dead,70.0,1015.0,1066.0,30.0,15.0,4.4
152,241,Hello My Name Is Ingrid 2016,70.0,1013.0,1076.0,30.0,15.2,5.2
153,287,Hello My Name Is Marianne,70.0,1009.0,1070.0,15.0,8.0,4.4
154,179,How To Disappear Completely,198.0,1010.0,1037.0,37.0,19.0,4.4
155,123,Candy Kaiser,45.0,1009.0,1049.0,45.0,22.5,4.2
156,176,Old World India Pale Ale,80.0,1012.0,1069.0,50.0,25.0,4.4
157,191,Interstellar,55.0,1011.0,1059.0,50.0,25.0,4.4
158,8,Fake Lager,40.0,1010.0,1046.0,12.0,6.0,4.4
159,200,Double IPA - Russian Doll,85.0,1013.0,1074.0,35.0,17.5,5.2
160,44,Dog Wired (w/8 Wired),65.0,1010.0,1065.0,13.0,6.5,4.4
161,218,Monk Hammer,250.0,1010.0,1065.0,15.0,7.5,4.4
162,110,Truffle and Chocolate Stout - B-Sides,30.0,1015.0,1058.0,54.0,27.0,4.4
163,130,Spiced Cherry Sour - B-Sides,20.0,1010.0,1060.0,,,3.2
164,112,Vote Sepp,20.0,1009.0,1036.0,8.0,4.0,4.1
165,325,Zipcode,37.0,1006.0,1044.0,5.0,3.0,4.4
166,95,Peroxide Punk,40.0,1009.0,1039.0,18.0,9.0,4.4
167,15,Mixtape 8,50.0,1014.0,1093.0,40.0,20.0,4.4
168,269,Small Batch: Imperial Pale Weizen,25.0,1010.0,1067.0,18.0,9.0,4.4
169,230,Black Hammer,250.0,1010.0,1065.0,104.0,53.0,4.4
170,158,Hello My Name Is Zé (w/ 2Cabeças),50.0,1012.0,1061.0,20.0,10.0,4.4
171,89,Citra,70.0,1013.0,1068.0,30.0,15.0,4.4
172,85,Santa Paws,35.0,1013.0,1048.0,44.0,22.0,4.4
173,292,Hello My Name Is Maria,70.0,1009.0,1070.0,15.0,8.0,4.4
174,267,AB:22,70.0,1020.0,1115.0,100.0,51.0,4.1
175,78,AB:18,80.0,1020.0,1096.0,115.0,57.5,5.2
176,139,Born To Die,85.0,1007.0,1072.0,15.0,7.5,4.4
177,99,Hello My Name Is Päivi,70.0,1013.0,1076.0,30.0,15.0,4.4
178,201,Waimea - IPA Is Dead,70.0,1015.0,1066.0,30.0,15.0,4.4
179,96,Lumberjack Stout,20.0,1020.0,1110.0,158.0,79.0,4.4
180,212,Hop Fiction - Prototype Challenge,40.0,1010.0,1048.0,13.0,6.5,4.4
181,80,AB:04,80.0,1018.0,1113.0,400.0,200.0,4.0
182,256,Small Batch: Vermont IPA,35.0,1012.0,1066.0,15.0,7.62,4.2
183,278,AB:23,80.0,1020.0,1110.0,80.0,41.0,4.1
184,15,Mixtape 8,50.0,1014.0,1093.0,40.0,20.0,4.4
185,254,Small Batch: Kellerbier,25.0,1011.0,1043.0,17.0,8.6,5.3
186,100,Elvis Juice V2.0 - Prototype Challenge,60.0,1010.0,1060.0,25.0,12.5,4.4
187,298,Declassified Demi-God,70.0,1020.0,1127.0,90.0,46.0,4.1
188,13,Movember,50.0,1012.0,1047.0,140.0,70.0,5.2
189,285,Hello My Name Is Sari,70.0,1009.0,1070.0,15.0,8.0,4.4
190,26,Skull Candy,33.0,1012.0,1038.0,50.0,25.0,4.4
191,211,Black Dog,60.0,1020.0,1062.0,230.0,115.0,4.4
192,210,Dead Metaphor,30.0,1016.0,1068.0,86.0,43.0,4.4
193,113,Hello My Name Is Ingrid,42.0,1013.0,1078.0,70.0,35.0,4.4
194,197,Moshi Moshi 15,45.0,1011.0,1048.0,35.0,17.5,4.4
195,132,5am Saint,30.0,1012.0,1050.0,60.0,30.5,4.4
196,253,Small Batch: 90 Shilling,25.0,1010.0,1056.0,40.0,20.32,4.2
197,218,Monk Hammer,250.0,1010.0,1065.0,15.0,7.5,4.4
198,300,Indie Pale Ale,30.0,1008.0,1044.0,16.6,8.0,4.6
199,198,AB:01,20.0,1018.0,1095.0,16.0,8.0,4.1
200,125,Juniper Wheat Beer,40.0,1008.0,1047.0,15.0,7.5,4.1
201,87,Alpha Pop,30.0,1011.0,1045.0,25.0,12.5,4.4
202,75,Never Mind The Anabolics,35.0,1012.0,1050.0,23.0,11.5,4.4
203,65,Bracken's Porter,50.0,1010.0,1049.0,110.0,55.0,4.4
204,172,Single Hop Enigma IPA - B-Sides,50.0,1011.0,1050.0,10.0,5.0,4.4
205,134,Mr.Miyagi's Wasabi Stout,90.0,1015.0,1072.0,200.0,102.0,4.4
206,161,Tokyo Rising Sun - Highland,85.0,1023.0,1125.0,140.0,71.0,4.4
207,266,Small Batch: Lemon Meringue Pie,5.0,1015.0,1066.0,7.0,4.0,4.0
208,265,Pump Action Poet,40.0,1013.0,1070.0,12.0,6.0,5.2
209,322,Jet Trash,65.0,1008.0,1060.0,18.0,9.0,4.6
210,195,Hello My Name Is Holy Moose,35.0,1011.0,1053.0,25.0,12.5,4.4
211,151,Rhubarb Saison - B-Sides,25.0,1008.0,1052.0,10.0,5.0,5.2
212,66,Tokyo Rising Sun - Lowland,85.0,1023.0,1125.0,140.0,71.0,4.4
213,48,Goldings - IPA Is Dead,70.0,1015.0,1066.0,30.0,15.0,4.4
214,325,Zipcode,37.0,1006.0,1044.0,5.0,3.0,4.4
215,97,Bowman's Beard - B-Sides,50.0,1011.0,1067.0,15.0,8.0,5.3
216,39,Kohatu - IPA Is Dead,70.0,1012.0,1067.0,30.0,15.0,4.4
217,266,Small Batch: Lemon Meringue Pie,5.0,1015.0,1066.0,7.0,4.0,4.0
218,227,Brewdog Vs Beavertown,50.0,1085.0,1016.0,78.8,40.0,4.2
219,311,Sonic Boom,60.0,1008.0,1058.0,11.0,6.0,4.6
220,194,Hardkogt IPA,175.0,1014.0,1072.0,40.0,20.0,4.4
221,292,Hello My Name Is Maria,70.0,1009.0,1070.0,15.0,8.0,4.4
222,236,Science IPA,,1011.0,1050.0,24.0,47.0,4.4
223,322,Jet Trash,65.0,1008.0,1060.0,18.0,9.0,4.6
224,118,Bounty Hunter - Shareholder Brew,35.0,1020.0,1068.0,250.0,125.0,4.2
225,193,Blitz Berliner Weisse,8.0,1040.0,1007.0,9.0,4.5,3.2
226,130,Spiced Cherry Sour - B-Sides,20.0,1010.0,1060.0,,,3.2
227,325,Zipcode,37.0,1006.0,1044.0,5.0,3.0,4.4
228,127,Galaxy,67.0,1064.0,1013.0,19.0,9.5,4.4
229,19,Hello My Name Is Mette-Marit,70.0,1013.0,1076.0,,,4.4
230,7,AB:12,35.0,1017.0,1108.0,80.0,40.0,5.3
231,173,Chinook - IPA Is Dead,100.0,1010.0,1064.0,12.0,6.0,4.4
232,226,Chili Hammer,250.0,1010.0,1065.0,15.0,7.5,4.4
233,186,Jasmine IPA,40.0,1014.0,1060.0,35.0,17.5,4.4
234,174,Konnichiwa Kitsune,70.0,1012.0,1045.0,30.0,15.0,4.4
235,29,10 Heads High,70.0,1015.0,1074.0,90.0,45.0,4.4
236,123,Candy Kaiser,45.0,1009.0,1049.0,45.0,22.5,4.2
237,104,India Pale Weizen (w/ Weihenstephan),50.0,1010.0,1056.0,35.0,17.5,4.0
238,108,American Ale,55.0,1012.0,1060.0,30.0,15.0,4.4
239,167,Libertine Black Ale,50.0,1013.0,1068.0,150.0,76.0,4.4
240,83,Comet,70.0,1012.0,1067.0,30.0,15.0,4.4
241,66,Tokyo Rising Sun - Lowland,85.0,1023.0,1125.0,140.0,71.0,4.4
242,299,Raspberry Popsicle Parade,8.0,1005.0,1009.0,8.0,4.0,3.5
243,74,Eurotrash,52.0,1010.0,1041.0,17.0,8.5,5.2
244,235,Mango And Chili Barley Wine,,1015.0,1110.0,20.0,40.0,4.4
245,274,Prototype Black Rye IPA,70.0,1012.0,1060.0,135.0,69.0,4.5
246,58,Coffee Imperial Stout,65.0,1019.0,1080.0,97.0,49.0,4.4
247,297,East Of Vermont,15.0,1018.0,1077.0,20.0,10.0,4.4
248,271,Small Batch: Cranachan Cream Ale,8.0,1019.0,1069.0,10.0,5.0,4.3
249,119,Zeitgeist,32.0,1010.0,1047.5,120.0,60.0,4.3
250,252,Small Batch: Dortmunder,32.0,1009.0,1049.0,15.0,7.62,5.2
251,82,Hopped-Up Brown Ale - Prototype Challenge,85.0,1015.0,1063.0,24.0,12.0,4.2
252,55,Amarillo - IPA Is Dead,70.0,1012.0,1067.0,30.0,15.0,4.4
253,218,Monk Hammer,250.0,1010.0,1065.0,15.0,7.5,4.4
254,89,Citra,70.0,1013.0,1068.0,30.0,15.0,4.4
255,3,Berliner Weisse With Yuzu - B-Sides,8.0,1007.0,1040.0,8.0,4.0,3.2
256,205,Shareholder Black IPA 2011,80.0,1014.0,1067.0,71.0,36.0,4.4
257,198,AB:01,20.0,1018.0,1095.0,16.0,8.0,4.1
258,98,Pumpkin King,20.0,1014.0,1055.0,30.0,15.0,4.4
259,31,Nanny State,55.0,1005.0,1007.0,30.0,15.0,4.4
260,231,Ace Of Chinook,40.0,1011.0,1045.0,18.0,9.0,4.2
261,248,Twin Atlantic,80.0,1011.0,1048.0,19.0,9.7,5.2
262,139,Born To Die,85.0,1007.0,1072.0,15.0,7.5,4.4
263,6,Electric India,38.0,1005.0,1045.0,15.0,7.5,4.4
264,30,Dana - IPA Is Dead,70.0,1015.0,1066.0,30.0,15.0,4.4
265,295,Choco Libre,25.0,1020.0,1086.0,190.0,96.0,4.2
266,308,Very Big Moose,25.0,1038.0,1128.0,100.0,50.0,4.4
267,320,King of Eights,20.0,1009.0,1065.0,20.0,10.0,4.4
268,285,Hello My Name Is Sari,70.0,1009.0,1070.0,15.0,8.0,4.4
269,273,Prototype Double IPA,60.0,1007.0,1073.0,15.0,8.0,4.2
270,165,Barley Wine - Russian Doll,80.0,1020.0,1097.0,65.0,32.5,4.4
271,185,Tactical Nuclear Penguin,1157.0,1028.0,1157.0,250.0,127.0,4.4
272,10,Bramling X,75.0,1013.0,1068.0,22.0,11.0,4.4
273,324,Fools Gold Dortmunder Lager,32.0,1009.0,1052.0,11.0,6.0,4.2
274,72,Whisky Sour - B-Sides,20.0,1021.0,1081.0,12.0,6.0,3.2
275,46,Anarchist Alchemist,20.5,1000.0,1112.0,20.0,10.0,4.4
276,101,Riptide,45.0,1014.0,1075.0,240.0,120.0,4.4
277,300,Indie Pale Ale,30.0,1008.0,1044.0,16.6,8.0,4.6
278,136,#Mashtag 2014,50.0,1015.0,1084.0,20.0,10.0,4.4
279,57,Prototype 27,149.0,1014.0,1083.0,19.5,9.8,4.4
280,205,Shareholder Black IPA 2011,80.0,1014.0,1067.0,71.0,36.0,4.4
281,76,#Mashtag 2013,50.0,1013.0,1070.0,40.0,20.0,4.4
282,315,Baltic Fleet,45.0,1016.0,1071.0,120.0,61.0,4.2
283,198,AB:01,20.0,1018.0,1095.0,16.0,8.0,4.1
284,143,Lizard Bride - Prototype Challenge,35.0,1009.0,1053.0,25.0,12.5,4.4
285,180,Doodlebug,35.0,1008.0,1027.0,10.0,5.0,4.2
286,175,San Diego Scotch Ale (w/Ballast Point),70.0,1018.0,1090.0,190.0,95.0,4.4
287,224,AB:20,20.0,1120.0,1025.0,67.0,34.0,4.0
288,161,Tokyo Rising Sun - Highland,85.0,1023.0,1125.0,140.0,71.0,4.4
289,255,Small Batch: Tripel,50.0,1008.0,1110.0,23.0,11.6,5.1
290,214,Cult Lager,50.0,1049.0,1008.0,19.0,8.0,4.1
291,201,Waimea - IPA Is Dead,70.0,1015.0,1066.0,30.0,15.0,4.4
292,213,El Dorado - IPA Is Dead,70.0,1015.0,1066.0,30.0,15.0,4.4
293,325,Zipcode,37.0,1006.0,1044.0,5.0,3.0,4.4
294,186,Jasmine IPA,40.0,1014.0,1060.0,35.0,17.5,4.4
295,45,The Physics,47.0,1010.0,1048.5,65.0,32.5,4.4
296,265,Pump Action Poet,40.0,1013.0,1070.0,12.0,6.0,5.2
297,137,Sink The Bismarck!,1085.0,1016.0,1085.0,40.0,20.0,4.4
298,101,Riptide,45.0,1014.0,1075.0,240.0,120.0,4.4
299,81,India Session Lager - Prototype Challenge,35.0,1007.0,1040.0,12.0,6.0,4.4
300,296,Off-Duty Alien,50.0,1010.0,1060.0,20.0,10.0,4.4
301,197,Moshi Moshi 15,45.0,1011.0,1048.0,35.0,17.5,4.4
302,254,Small Batch: Kellerbier,25.0,1011.0,1043.0,17.0,8.6,5.3
303,250,Small Batch: Rye IPA,100.0,1010.0,1065.0,8.0,16.0,4.4
304,255,Small Batch: Tripel,50.0,1008.0,1110.0,23.0,11.6,5.1
305,19,Hello My Name Is Mette-Marit,70.0,1013.0,1076.0,,,4.4
306,220,Ace Of Simcoe,40.0,1011.0,1045.0,18.0,9.0,4.2
307,25,Bad Pixie,45.0,1010.0,1047.0,8.0,4.0,4.4
308,113,Hello My Name Is Ingrid,42.0,1013.0,1078.0,70.0,35.0,4.4
309,192,Punk IPA 2007 - 2010,60.0,1010.0,1056.0,17.0,8.5,4.4
310,86,Original Dogma (Née Speedball),60.0,1012.0,1071.3,31.0,15.5,4.3
311,225,Paradox Islay 2.0,100.0,1112.0,1015.0,300.0,152.0,4.4
312,16,Libertine Porter,45.0,1020.0,1067.0,219.0,109.5,4.4
313,274,Prototype Black Rye IPA,70.0,1012.0,1060.0,135.0,69.0,4.5
314,96,Lumberjack Stout,20.0,1020.0,1110.0,158.0,79.0,4.4
315,114,U-Boat (w/ Victory Brewing),50.0,1015.0,1080.0,200.0,100.0,4.4
316,153,Hoppy Saison - B-Sides,40.0,1010.0,1059.0,8.0,4.0,5.2
317,240,Blitz Saison,8.0,1007.0,1040.0,7.0,14.0,3.2
318,41,AB:17,100.0,1025.0,1105.0,300.0,150.0,4.3
319,168,Jack Hammer,250.0,1010.0,1065.0,15.0,7.5,4.4
320,137,Sink The Bismarck!,1085.0,1016.0,1085.0,40.0,20.0,4.4
321,173,Chinook - IPA Is Dead,100.0,1010.0,1064.0,12.0,6.0,4.4
322,4,Pilsen Lager,55.0,1012.0,1060.0,30.0,15.0,4.4
323,85,Santa Paws,35.0,1013.0,1048.0,44.0,22.0,4.4
324,81,India Session Lager - Prototype Challenge,35.0,1007.0,1040.0,12.0,6.0,4.4
325,230,Black Hammer,250.0,1010.0,1065.0,104.0,53.0,4.4
326,323,Interstate Vienna Lager.,25.0,1007.0,1045.0,14.0,7.0,4.2
327,50,Lost Dog (w/Lost Abbey),35.0,1012.0,1080.0,80.0,40.0,4.4
328,73,Black Eyed King Imp - Vietnamese Coffee Edition,85.0,1038.0,1113.5,250.0,125.0,5.2
329,98,Pumpkin King,20.0,1014.0,1055.0,30.0,15.0,4.4
330,272,Small Batch: Spelt & Honey Saison,22.0,1008.0,1046.0,8.0,4.0,4.1
331,66,Tokyo Rising Sun - Lowland,85.0,1023.0,1125.0,140.0,71.0,4.4
332,322,Jet Trash,65.0,1008.0,1060.0,18.0,9.0,4.6
333,288,Hello My Name Is Agnetha,70.0,1009.0,1070.0,15.0,8.0,4.4
334,139,Born To Die,85.0,1007.0,1072.0,15.0,7.5,4.4
335,176,Old World India Pale Ale,80.0,1012.0,1069.0,50.0,25.0,4.4
336,175,San Diego Scotch Ale (w/Ballast Point),70.0,1018.0,1090.0,190.0,95.0,4.4
337,237,Honey And Lemon Blitz,,1008.0,1039.0,8.0,4.0,3.2
338,319,Grano Giusto,28.0,1009.0,1052.0,55.0,28.0,4.3
339,68,Hype,65.0,1010.0,1042.0,17.0,8.5,4.4
340,74,Eurotrash,52.0,1010.0,1041.0,17.0,8.5,5.2
341,230,Black Hammer,250.0,1010.0,1065.0,104.0,53.0,4.4
342,108,American Ale,55.0,1012.0,1060.0,30.0,15.0,4.4
343,285,Hello My Name Is Sari,70.0,1009.0,1070.0,15.0,8.0,4.4
344,242,Crew Brew,100.0,1011.0,1072.0,28.0,14.2,5.2
345,127,Galaxy,67.0,1064.0,1013.0,19.0,9.5,4.4
346,262,Small Batch: Vermont IPA V2.0,35.0,1012.0,1066.0,15.0,7.6,4.2
347,177,Dog D,85.0,1015.0,1125.0,400.0,200.0,4.3
348,118,Bounty Hunter - Shareholder Brew,35.0,1020.0,1068.0,250.0,125.0,4.2
349,125,Juniper Wheat Beer,40.0,1008.0,1047.0,15.0,7.5,4.1
350,144,Tokyo*,85.0,1028.0,1157.0,250.0,127.0,4.4
351,261,Small Batch: Nitro Breakfast Stout,80.0,1027.0,1092.0,88.0,44.7,5.2
352,168,Jack Hammer,250.0,1010.0,1065.0,15.0,7.5,4.4
353,59,Mandarina Bavaria - IPA Is Dead,100.0,1010.0,1064.0,12.0,6.0,4.4
354,167,Libertine Black Ale,50.0,1013.0,1068.0,150.0,76.0,4.4
355,57,Prototype 27,149.0,1014.0,1083.0,19.5,9.8,4.4
356,237,Honey And Lemon Blitz,,1008.0,1039.0,8.0,4.0,3.2
357,121,Punk Monk,60.0,1010.0,1056.0,17.0,8.5,4.4
358,18,Russian Doll – India Pale Ale,70.0,1012.0,1058.0,25.0,12.5,5.2
359,26,Skull Candy,33.0,1012.0,1038.0,50.0,25.0,4.4
360,168,Jack Hammer,250.0,1010.0,1065.0,15.0,7.5,4.4
361,299,Raspberry Popsicle Parade,8.0,1005.0,1009.0,8.0,4.0,3.5
362,62,AB:08,65.0,1016.0,1095.0,23.0,11.5,4.4
363,178,Simcoe,70.0,1012.0,1063.0,30.0,15.0,4.4
364,253,Small Batch: 90 Shilling,25.0,1010.0,1056.0,40.0,20.32,4.2
365,23,Storm,60.0,1010.0,1082.0,12.0,6.0,4.4
366,229,Rye Hammer,250.0,1010.0,1065.0,17.0,8.5,4.4
367,284,Hello My Name Is Helga,70.0,1009.0,1070.0,15.0,8.0,4.4
368,159,Black Tokyo Horizon (w/Nøgne Ø & Mikkeller),75.0,1030.0,1156.0,128.0,64.0,4.4
369,51,TM10,20.0,1005.0,1048.0,14.0,7.0,4.2
370,227,Brewdog Vs Beavertown,50.0,1085.0,1016.0,78.8,40.0,4.2
371,96,Lumberjack Stout,20.0,1020.0,1110.0,158.0,79.0,4.4
372,101,Riptide,45.0,1014.0,1075.0,240.0,120.0,4.4
373,314,Manic Mango,20.0,1010.0,1057.0,12.0,6.0,4.4
374,34,Bourbon Baby,35.0,1005.0,1049.0,44.0,22.0,4.4
375,24,The End Of History,,1000.0,1112.0,,,4.4
376,32,AB:05,40.0,1030.0,1126.0,180.0,90.0,4.4
377,86,Original Dogma (Née Speedball),60.0,1012.0,1071.3,31.0,15.5,4.3
378,267,AB:22,70.0,1020.0,1115.0,100.0,51.0,4.1
379,234,Neon Overlord,70.0,1012.0,1067.0,20.0,10.0,4.4
380,61,Magic Stone Dog (w/Magic Rock & Stone Brewing Co.),30.0,1008.0,1043.0,15.0,7.5,4.4
381,312,Dog G,100.0,1015.0,1125.0,500.0,254.0,4.4
382,57,Prototype 27,149.0,1014.0,1083.0,19.5,9.8,4.4
383,42,Hardcore IPA,125.0,1016.0,1085.0,40.0,20.0,4.4
384,174,Konnichiwa Kitsune,70.0,1012.0,1045.0,30.0,15.0,4.4
385,226,Chili Hammer,250.0,1010.0,1065.0,15.0,7.5,4.4
386,63,Sunk Punk,68.0,1010.0,1056.0,14.0,7.0,4.4
387,61,Magic Stone Dog (w/Magic Rock & Stone Brewing Co.),30.0,1008.0,1043.0,15.0,7.5,4.4
388,128,White Noise,50.0,1012.0,1060.0,30.0,15.0,4.4
389,268,Hazy Jane,30.0,1009.0,1065.0,15.0,8.0,4.2
390,318,Neverland,40.0,1007.0,1048.0,12.0,6.0,4.2
391,197,Moshi Moshi 15,45.0,1011.0,1048.0,35.0,17.5,4.4
392,35,Berliner Weisse With Raspberries And Rhubarb - B-Sides,8.0,1007.0,1040.0,,,3.2
393,189,AB:11,70.0,1020.0,1108.0,79.0,40.0,4.4
394,295,Choco Libre,25.0,1020.0,1086.0,190.0,96.0,4.2
395,106,Punk IPA 2010 - Current,40.0,1011.0,1055.0,15.0,7.6,4.4
396,204,"Cascade, Centennial & Willamette IPA - B-Sides",65.0,1011.0,1060.0,14.0,7.0,5.2
397,192,Punk IPA 2007 - 2010,60.0,1010.0,1056.0,17.0,8.5,4.4
398,121,Punk Monk,60.0,1010.0,1056.0,17.0,8.5,4.4
399,16,Libertine Porter,45.0,1020.0,1067.0,219.0,109.5,4.4
400,247,Self Assembly Pope,75.0,1016.0,1072.0,200.0,101.6,5.1
401,162,77 Lager,30.0,1009.0,1047.0,12.0,6.0,4.4
402,182,All Day Long - Prototype Challenge,30.0,1012.0,1032.5,42.0,21.0,4.4
403,299,Raspberry Popsicle Parade,8.0,1005.0,1009.0,8.0,4.0,3.5
404,200,Double IPA - Russian Doll,85.0,1013.0,1074.0,35.0,17.5,5.2
405,251,Small Batch: Sorachi Ace Session,25.0,1005.0,1035.0,15.0,7.62,5.1
406,54,Albino Squid Assasin,65.0,1012.0,1069.0,60.0,30.0,4.2
407,214,Cult Lager,50.0,1049.0,1008.0,19.0,8.0,4.1
408,312,Dog G,100.0,1015.0,1125.0,500.0,254.0,4.4
409,12,Arcade Nation,60.0,1012.0,1052.0,200.0,100.0,4.2
410,112,Vote Sepp,20.0,1009.0,1036.0,8.0,4.0,4.1
411,22,Devine Rebel (w/ Mikkeller),100.0,1030.0,1093.0,36.0,18.0,4.4
412,59,Mandarina Bavaria - IPA Is Dead,100.0,1010.0,1064.0,12.0,6.0,4.4
413,139,Born To Die,85.0,1007.0,1072.0,15.0,7.5,4.4
414,324,Fools Gold Dortmunder Lager,32.0,1009.0,1052.0,11.0,6.0,4.2
415,104,India Pale Weizen (w/ Weihenstephan),50.0,1010.0,1056.0,35.0,17.5,4.0
416,276,Nine To Five Wizard,35.0,1012.0,1069.0,20.0,10.0,4.3
417,297,East Of Vermont,15.0,1018.0,1077.0,20.0,10.0,4.4
418,76,#Mashtag 2013,50.0,1013.0,1070.0,40.0,20.0,4.4
419,232,Ace Of Equinox,40.0,1011.0,1045.0,18.0,9.0,4.2
420,264,Small Batch: East Coast Crush,25.0,1010.0,1047.0,15.0,8.0,4.2
421,123,Candy Kaiser,45.0,1009.0,1049.0,45.0,22.5,4.2
422,324,Fools Gold Dortmunder Lager,32.0,1009.0,1052.0,11.0,6.0,4.2
423,195,Hello My Name Is Holy Moose,35.0,1011.0,1053.0,25.0,12.5,4.4
424,80,AB:04,80.0,1018.0,1113.0,400.0,200.0,4.0
425,215,Brixton Porter,50.0,1014.0,1053.0,200.0,100.0,4.4
426,188,Paradox Jura,55.0,1014.0,1128.0,300.0,152.0,4.4
427,136,#Mashtag 2014,50.0,1015.0,1084.0,20.0,10.0,4.4
428,200,Double IPA - Russian Doll,85.0,1013.0,1074.0,35.0,17.5,5.2
429,3,Berliner Weisse With Yuzu - B-Sides,8.0,1007.0,1040.0,8.0,4.0,3.2
430,278,AB:23,80.0,1020.0,1110.0,80.0,41.0,4.1
431,127,Galaxy,67.0,1064.0,1013.0,19.0,9.5,4.4
432,259,Tropic Thunder,25.0,1020.0,1074.0,170.0,86.36,4.2
433,132,5am Saint,30.0,1012.0,1050.0,60.0,30.5,4.4
434,240,Blitz Saison,8.0,1007.0,1040.0,7.0,14.0,3.2
435,168,Jack Hammer,250.0,1010.0,1065.0,15.0,7.5,4.4
436,113,Hello My Name Is Ingrid,42.0,1013.0,1078.0,70.0,35.0,4.4
437,325,Zipcode,37.0,1006.0,1044.0,5.0,3.0,4.4
438,197,Moshi Moshi 15,45.0,1011.0,1048.0,35.0,17.5,4.4
439,67,Hunter Foundation Pale Ale,35.0,1008.0,1050.0,11.5,5.75,4.4
440,221,Blitz Series,8.0,1032.0,1007.0,8.0,3.0,3.2
441,208,Sunshine On Rye - B-Sides,130.0,1010.0,1065.0,14.0,7.0,5.2
442,241,Hello My Name Is Ingrid 2016,70.0,1013.0,1076.0,30.0,15.2,5.2
443,189,AB:11,70.0,1020.0,1108.0,79.0,40.0,4.4
444,17,AB:06,150.0,1013.0,1098.0,70.0,35.0,
445,180,Doodlebug,35.0,1008.0,1027.0,10.0,5.0,4.2
446,39,Kohatu - IPA Is Dead,70.0,1012.0,1067.0,30.0,15.0,4.4
447,260,New England IPA,45.0,1012.0,1065.0,17.0,9.0,4.2
448,274,Prototype Black Rye IPA,70.0,1012.0,1060.0,135.0,69.0,4.5
449,33,Sorachi Ace,75.0,1013.0,1068.0,30.0,15.0,4.4
450,320,King of Eights,20.0,1009.0,1065.0,20.0,10.0,4.4
451,175,San Diego Scotch Ale (w/Ballast Point),70.0,1018.0,1090.0,190.0,95.0,4.4
452,81,India Session Lager - Prototype Challenge,35.0,1007.0,1040.0,12.0,6.0,4.4
453,322,Jet Trash,65.0,1008.0,1060.0,18.0,9.0,4.6
454,37,Zephyr,125.0,1016.0,1087.0,40.0,20.0,4.4
455,284,Hello My Name Is Helga,70.0,1009.0,1070.0,15.0,8.0,4.4
456,119,Zeitgeist,32.0,1010.0,1047.5,120.0,60.0,4.3
457,101,Riptide,45.0,1014.0,1075.0,240.0,120.0,4.4
458,146,Nelson Sauvin,75.0,1013.0,1068.0,30.0,15.0,4.4
459,42,Hardcore IPA,125.0,1016.0,1085.0,40.0,20.0,4.4
460,303,Hazy Jane Rye Barrel Aged,30.0,1009.0,1065.0,15.0,8.0,4.2
461,281,Homicidal Puppet Help Desk,132.0,1020.0,1105.0,45.0,23.0,4.1
462,280,Make Earth Great Again,35.0,1004.0,1065.0,9.0,5.0,4.6
463,7,AB:12,35.0,1017.0,1108.0,80.0,40.0,5.3
464,14,Alpha Dog,42.0,1025.0,1046.0,62.0,31.0,4.4
465,161,Tokyo Rising Sun - Highland,85.0,1023.0,1125.0,140.0,71.0,4.4
466,135,Growler,38.0,1008.0,1042.9,18.0,9.0,4.4
467,160,Restorative Beverage For Invalids And Convalescents,100.0,1003.0,1068.0,15.0,7.5,4.4
468,66,Tokyo Rising Sun - Lowland,85.0,1023.0,1125.0,140.0,71.0,4.4
469,118,Bounty Hunter - Shareholder Brew,35.0,1020.0,1068.0,250.0,125.0,4.2
470,282,Pina Colada Sidewalk,10.0,1008.0,1055.0,15.0,7.0,3.8
471,273,Prototype Double IPA,60.0,1007.0,1073.0,15.0,8.0,4.2
472,146,Nelson Sauvin,75.0,1013.0,1068.0,30.0,15.0,4.4
473,121,Punk Monk,60.0,1010.0,1056.0,17.0,8.5,4.4
474,292,Hello My Name Is Maria,70.0,1009.0,1070.0,15.0,8.0,4.4
475,22,Devine Rebel (w/ Mikkeller),100.0,1030.0,1093.0,36.0,18.0,4.4
476,132,5am Saint,30.0,1012.0,1050.0,60.0,30.5,4.4
477,256,Small Batch: Vermont IPA,35.0,1012.0,1066.0,15.0,7.62,4.2
478,236,Science IPA,,1011.0,1050.0,24.0,47.0,4.4
479,210,Dead Metaphor,30.0,1016.0,1068.0,86.0,43.0,4.4
480,289,Hello My Name Is Lieke,70.0,1009.0,1070.0,15.0,8.0,4.4
481,171,Challenger,67.0,1013.0,1064.0,19.0,9.5,4.4
482,165,Barley Wine - Russian Doll,80.0,1020.0,1097.0,65.0,32.5,4.4
483,48,Goldings - IPA Is Dead,70.0,1015.0,1066.0,30.0,15.0,4.4
484,260,New England IPA,45.0,1012.0,1065.0,17.0,9.0,4.2
485,67,Hunter Foundation Pale Ale,35.0,1008.0,1050.0,11.5,5.75,4.4
486,119,Zeitgeist,32.0,1010.0,1047.5,120.0,60.0,4.3
487,281,Homicidal Puppet Help Desk,132.0,1020.0,1105.0,45.0,23.0,4.1
488,118,Bounty Hunter - Shareholder Brew,35.0,1020.0,1068.0,250.0,125.0,4.2
489,279,Slot Machine,50.0,1011.0,1051.0,50.0,25.0,4.3
490,26,Skull Candy,33.0,1012.0,1038.0,50.0,25.0,4.4
491,179,How To Disappear Completely,198.0,1010.0,1037.0,37.0,19.0,4.4
492,81,India Session Lager - Prototype Challenge,35.0,1007.0,1040.0,12.0,6.0,4.4
493,301,Small Batch: Dry-hopped Pilsner,37.0,1006.0,1042.0,5.0,3.0,4.4
494,107,HBC 366 - IPA Is Dead,70.0,1012.0,1067.0,30.0,15.0,4.4
495,317,Al Adjore!,65.0,1018.0,1085.0,35.0,18.0,79.0
496,172,Single Hop Enigma IPA - B-Sides,50.0,1011.0,1050.0,10.0,5.0,4.4
497,22,Devine Rebel (w/ Mikkeller),100.0,1030.0,1093.0,36.0,18.0,4.4
498,193,Blitz Berliner Weisse,8.0,1040.0,1007.0,9.0,4.5,3.2
499,305,Native Son,70.0,1010.0,1073.0,18.0,9.0,4.6
500,120,AB:10,80.0,1020.0,1096.0,115.0,57.5,4.4
501,128,White Noise,50.0,1012.0,1060.0,30.0,15.0,4.4
502,32,AB:05,40.0,1030.0,1126.0,180.0,90.0,4.4
503,257,Semi Skimmed Occultist,70.0,1014.0,1080.0,160.0,81.28,4.1
504,281,Homicidal Puppet Help Desk,132.0,1020.0,1105.0,45.0,23.0,4.1
505,76,#Mashtag 2013,50.0,1013.0,1070.0,40.0,20.0,4.4
506,17,AB:06,150.0,1013.0,1098.0,70.0,35.0,
507,300,Indie Pale Ale,30.0,1008.0,1044.0,16.6,8.0,4.6
508,127,Galaxy,67.0,1064.0,1013.0,19.0,9.5,4.4
509,209,Stereo Wolf Stout - Prototype Challenge,55.0,1014.0,1052.0,200.0,100.0,5.2
510,78,AB:18,80.0,1020.0,1096.0,115.0,57.5,5.2
511,106,Punk IPA 2010 - Current,40.0,1011.0,1055.0,15.0,7.6,4.4
512,291,Hello My Name Is Sofia,70.0,1009.0,1070.0,15.0,8.0,4.4
513,101,Riptide,45.0,1014.0,1075.0,240.0,120.0,4.4
514,125,Juniper Wheat Beer,40.0,1008.0,1047.0,15.0,7.5,4.1
515,165,Barley Wine - Russian Doll,80.0,1020.0,1097.0,65.0,32.5,4.4
516,307,Kamikaze Knitting Club,30.0,1013.0,1071.0,130.0,66.0,4.6
517,322,Jet Trash,65.0,1008.0,1060.0,18.0,9.0,4.6
518,1,Buzz,60.0,1010.0,1044.0,20.0,10.0,4.4
519,171,Challenger,67.0,1013.0,1064.0,19.0,9.5,4.4
520,5,Avery Brown Dredge,59.0,1027.0,1069.0,10.0,5.0,4.4
521,137,Sink The Bismarck!,1085.0,1016.0,1085.0,40.0,20.0,4.4
522,166,Vagabond Pale ALe - Prototype Challenge,55.0,1011.0,1045.0,20.0,10.0,4.2
523,282,Pina Colada Sidewalk,10.0,1008.0,1055.0,15.0,7.0,3.8
524,166,Vagabond Pale ALe - Prototype Challenge,55.0,1011.0,1045.0,20.0,10.0,4.2
525,293,I Wanna Be Your Dog,55.0,1035.0,1125.0,600.0,305.0,4.1
526,15,Mixtape 8,50.0,1014.0,1093.0,40.0,20.0,4.4
527,281,Homicidal Puppet Help Desk,132.0,1020.0,1105.0,45.0,23.0,4.1
528,257,Semi Skimmed Occultist,70.0,1014.0,1080.0,160.0,81.28,4.1
529,70,Sunmaid Stout,50.0,1102.0,1026.0,197.0,100.0,4.4
530,185,Tactical Nuclear Penguin,1157.0,1028.0,1157.0,250.0,127.0,4.4
531,85,Santa Paws,35.0,1013.0,1048.0,44.0,22.0,4.4
532,79,Hops Kill Nazis,70.0,1015.0,1073.0,59.0,29.5,4.4
533,307,Kamikaze Knitting Club,30.0,1013.0,1071.0,130.0,66.0,4.6
534,152,Deaf Mermaid - B-Sides,65.0,1010.0,1048.0,16.0,8.0,5.2
535,199,Alice Porter,55.0,1013.0,1053.0,165.0,82.5,5.2
536,123,Candy Kaiser,45.0,1009.0,1049.0,45.0,22.5,4.2
537,176,Old World India Pale Ale,80.0,1012.0,1069.0,50.0,25.0,4.4
538,197,Moshi Moshi 15,45.0,1011.0,1048.0,35.0,17.5,4.4
539,65,Bracken's Porter,50.0,1010.0,1049.0,110.0,55.0,4.4
540,272,Small Batch: Spelt & Honey Saison,22.0,1008.0,1046.0,8.0,4.0,4.1
541,74,Eurotrash,52.0,1010.0,1041.0,17.0,8.5,5.2
542,243,Gin Blitz,8.0,1008.0,1038.0,8.0,4.0,3.2
543,41,AB:17,100.0,1025.0,1105.0,300.0,150.0,4.3
544,45,The Physics,47.0,1010.0,1048.5,65.0,32.5,4.4
545,266,Small Batch: Lemon Meringue Pie,5.0,1015.0,1066.0,7.0,4.0,4.0
546,247,Self Assembly Pope,75.0,1016.0,1072.0,200.0,101.6,5.1
547,56,Black Eyed King Imp,85.0,1022.0,1095.0,250.0,125.0,4.4
548,35,Berliner Weisse With Raspberries And Rhubarb - B-Sides,8.0,1007.0,1040.0,,,3.2
549,216,Barrel Aged Hinterland,85.0,1025.0,1094.0,400.0,200.0,4.3
550,310,Clockwork Tangerine,37.0,1012.0,1047.0,20.0,10.0,4.2
551,222,Dog E,100.0,1125.0,1015.0,500.0,254.0,4.4
552,45,The Physics,47.0,1010.0,1048.5,65.0,32.5,4.4
553,89,Citra,70.0,1013.0,1068.0,30.0,15.0,4.4
554,14,Alpha Dog,42.0,1025.0,1046.0,62.0,31.0,4.4
555,222,Dog E,100.0,1125.0,1015.0,500.0,254.0,4.4
556,104,India Pale Weizen (w/ Weihenstephan),50.0,1010.0,1056.0,35.0,17.5,4.0
557,306,AB:25,35.0,1020.0,1113.0,90.0,46.0,4.2
558,17,AB:06,150.0,1013.0,1098.0,70.0,35.0,
559,231,Ace Of Chinook,40.0,1011.0,1045.0,18.0,9.0,4.2
560,199,Alice Porter,55.0,1013.0,1053.0,165.0,82.5,5.2
561,68,Hype,65.0,1010.0,1042.0,17.0,8.5,4.4
562,311,Sonic Boom,60.0,1008.0,1058.0,11.0,6.0,4.6
563,72,Whisky Sour - B-Sides,20.0,1021.0,1081.0,12.0,6.0,3.2
564,32,AB:05,40.0,1030.0,1126.0,180.0,90.0,4.4
565,275,Sidewalk Shark,22.0,1008.0,1055.0,7.0,4.0,3.8
566,89,Citra,70.0,1013.0,1068.0,30.0,15.0,4.4
567,101,Riptide,45.0,1014.0,1075.0,240.0,120.0,4.4
568,10,Bramling X,75.0,1013.0,1068.0,22.0,11.0,4.4
569,3,Berliner Weisse With Yuzu - B-Sides,8.0,1007.0,1040.0,8.0,4.0,3.2
570,302,Hazy Jane Bourbon Barrel Aged,30.0,1009.0,1065.0,15.0,8.0,4.2
571,166,Vagabond Pale ALe - Prototype Challenge,55.0,1011.0,1045.0,20.0,10.0,4.2
572,109,Cocoa Psycho,85.0,1012.0,1098.0,30.0,15.25,4.4
573,207,International Arms Race (w/ Flying Dog),0.0,1013.0,1069.0,50.0,25.0,4.4
574,321,Jinx Pale Ale,35.0,1008.0,1043.0,13.0,7.0,4.6
575,1,Buzz,60.0,1010.0,1044.0,20.0,10.0,4.4
576,163,This. Is. Lager,37.0,1007.0,1043.0,10.0,6.0,4.2
577,144,Tokyo*,85.0,1028.0,1157.0,250.0,127.0,4.4
578,92,AB:09,77.0,1022.0,1110.0,265.0,132.5,5.2
579,267,AB:22,70.0,1020.0,1115.0,100.0,51.0,4.1
580,211,Black Dog,60.0,1020.0,1062.0,230.0,115.0,4.4
581,150,AB:13,50.0,1020.0,1098.0,164.0,83.0,4.4
582,262,Small Batch: Vermont IPA V2.0,35.0,1012.0,1066.0,15.0,7.6,4.2
583,244,AB:21,100.0,1015.0,1130.0,200.0,101.6,5.1
584,280,Make Earth Great Again,35.0,1004.0,1065.0,9.0,5.0,4.6
585,47,AB:15,50.0,1020.0,1096.0,111.0,55.5,4.4
586,119,Zeitgeist,32.0,1010.0,1047.5,120.0,60.0,4.3
587,249,Hop Shot,250.0,1010.0,1065.0,15.0,7.5,4.4
588,177,Dog D,85.0,1015.0,1125.0,400.0,200.0,4.3
589,167,Libertine Black Ale,50.0,1013.0,1068.0,150.0,76.0,4.4
590,203,Bitch Please (w/ 3 Floyds),50.0,1016.0,1104.0,38.0,19.0,4.4
591,141,Cap Dog (w/ Cap Brewery),80.0,1014.0,1083.0,180.0,90.0,5.2
592,186,Jasmine IPA,40.0,1014.0,1060.0,35.0,17.5,4.4
593,151,Rhubarb Saison - B-Sides,25.0,1008.0,1052.0,10.0,5.0,5.2
594,300,Indie Pale Ale,30.0,1008.0,1044.0,16.6,8.0,4.6
595,236,Science IPA,,1011.0,1050.0,24.0,47.0,4.4
596,204,"Cascade, Centennial & Willamette IPA - B-Sides",65.0,1011.0,1060.0,14.0,7.0,5.2
597,249,Hop Shot,250.0,1010.0,1065.0,15.0,7.5,4.4
598,14,Alpha Dog,42.0,1025.0,1046.0,62.0,31.0,4.4
599,255,Small Batch: Tripel,50.0,1008.0,1110.0,23.0,11.6,5.1
600,193,Blitz Berliner Weisse,8.0,1040.0,1007.0,9.0,4.5,3.2
601,283,AB:24,50.0,1019.0,1110.0,220.0,112.0,4.4
602,255,Small Batch: Tripel,50.0,1008.0,1110.0,23.0,11.6,5.1
603,68,Hype,65.0,1010.0,1042.0,17.0,8.5,4.4
604,107,HBC 366 - IPA Is Dead,70.0,1012.0,1067.0,30.0,15.0,4.4
605,155,Old World Russian Imperial Stout,80.0,1014.0,1075.0,195.0,97.5,4.5
606,258,Paradox Rye,100.0,1015.0,1112.0,300.0,152.0,4.4
607,288,Hello My Name Is Agnetha,70.0,1009.0,1070.0,15.0,8.0,4.4
608,240,Blitz Saison,8.0,1007.0,1040.0,7.0,14.0,3.2
609,90,#Mashtag 2015,85.0,1020.0,1098.0,130.0,65.0,4.4
610,115,Melon And Cucumber IPA - B-Sides,50.0,1010.0,1050.0,8.0,4.0,5.2
611,135,Growler,38.0,1008.0,1042.9,18.0,9.0,4.4
612,106,Punk IPA 2010 - Current,40.0,1011.0,1055.0,15.0,7.6,4.4
613,244,AB:21,100.0,1015.0,1130.0,200.0,101.6,5.1
614,9,AB:07,30.0,1020.0,1106.0,84.0,42.0,5.6
615,206,Black Jacques,45.0,1005.0,1089.0,15.0,7.5,4.4
616,112,Vote Sepp,20.0,1009.0,1036.0,8.0,4.0,4.1
617,128,White Noise,50.0,1012.0,1060.0,30.0,15.0,4.4
618,218,Monk Hammer,250.0,1010.0,1065.0,15.0,7.5,4.4
619,270,Blonde Export Stout,55.0,1020.0,1075.0,16.0,8.0,4.4
620,270,Blonde Export Stout,55.0,1020.0,1075.0,16.0,8.0,4.4
621,4,Pilsen Lager,55.0,1012.0,1060.0,30.0,15.0,4.4
622,87,Alpha Pop,30.0,1011.0,1045.0,25.0,12.5,4.4
623,159,Black Tokyo Horizon (w/Nøgne Ø & Mikkeller),75.0,1030.0,1156.0,128.0,64.0,4.4
624,1,Buzz,60.0,1010.0,1044.0,20.0,10.0,4.4
625,10,Bramling X,75.0,1013.0,1068.0,22.0,11.0,4.4
626,281,Homicidal Puppet Help Desk,132.0,1020.0,1105.0,45.0,23.0,4.1
627,153,Hoppy Saison - B-Sides,40.0,1010.0,1059.0,8.0,4.0,5.2
628,173,Chinook - IPA Is Dead,100.0,1010.0,1064.0,12.0,6.0,4.4
629,81,India Session Lager - Prototype Challenge,35.0,1007.0,1040.0,12.0,6.0,4.4
630,2,Trashy Blonde,41.5,1010.0,1041.7,15.0,15.0,4.4
631,308,Very Big Moose,25.0,1038.0,1128.0,100.0,50.0,4.4
632,215,Brixton Porter,50.0,1014.0,1053.0,200.0,100.0,4.4
633,296,Off-Duty Alien,50.0,1010.0,1060.0,20.0,10.0,4.4
634,230,Black Hammer,250.0,1010.0,1065.0,104.0,53.0,4.4
635,314,Manic Mango,20.0,1010.0,1057.0,12.0,6.0,4.4
636,183,Nuns With Guns,25.0,1012.0,1044.0,19.0,9.5,4.4
637,110,Truffle and Chocolate Stout - B-Sides,30.0,1015.0,1058.0,54.0,27.0,4.4
638,111,Vagabond Pilsner,55.0,1012.0,1046.0,25.0,12.5,4.4
639,308,Very Big Moose,25.0,1038.0,1128.0,100.0,50.0,4.4
640,19,Hello My Name Is Mette-Marit,70.0,1013.0,1076.0,,,4.4
641,246,Casino Rye Ale,40.0,1009.0,1049.0,25.0,12.7,5.2
642,241,Hello My Name Is Ingrid 2016,70.0,1013.0,1076.0,30.0,15.2,5.2
643,5,Avery Brown Dredge,59.0,1027.0,1069.0,10.0,5.0,4.4
644,307,Kamikaze Knitting Club,30.0,1013.0,1071.0,130.0,66.0,4.6
645,305,Native Son,70.0,1010.0,1073.0,18.0,9.0,4.6
646,176,Old World India Pale Ale,80.0,1012.0,1069.0,50.0,25.0,4.4
647,316,SOS! (May Day!),34.0,1014.0,1060.0,21.0,11.0,4.2
648,296,Off-Duty Alien,50.0,1010.0,1060.0,20.0,10.0,4.4
649,129,Hinterland,85.0,1025.0,1094.0,400.0,200.0,4.3
650,237,Honey And Lemon Blitz,,1008.0,1039.0,8.0,4.0,3.2
651,86,Original Dogma (Née Speedball),60.0,1012.0,1071.3,31.0,15.5,4.3
652,23,Storm,60.0,1010.0,1082.0,12.0,6.0,4.4
653,221,Blitz Series,8.0,1032.0,1007.0,8.0,3.0,3.2
654,284,Hello My Name Is Helga,70.0,1009.0,1070.0,15.0,8.0,4.4
655,117,Hop Rocker,40.0,1010.0,1052.0,25.0,12.0,4.2
656,70,Sunmaid Stout,50.0,1102.0,1026.0,197.0,100.0,4.4
657,26,Skull Candy,33.0,1012.0,1038.0,50.0,25.0,4.4
658,45,The Physics,47.0,1010.0,1048.5,65.0,32.5,4.4
659,196,Catherine's Pony (w/ Beavertown),40.0,1017.0,1084.0,190.0,95.0,4.5
660,178,Simcoe,70.0,1012.0,1063.0,30.0,15.0,4.4
661,319,Grano Giusto,28.0,1009.0,1052.0,55.0,28.0,4.3
662,307,Kamikaze Knitting Club,30.0,1013.0,1071.0,130.0,66.0,4.6
663,88,Bavarian Weizen,55.0,1012.0,1060.0,30.0,15.0,4.4
664,29,10 Heads High,70.0,1015.0,1074.0,90.0,45.0,4.4
665,236,Science IPA,,1011.0,1050.0,24.0,47.0,4.4
666,195,Hello My Name Is Holy Moose,35.0,1011.0,1053.0,25.0,12.5,4.4
667,292,Hello My Name Is Maria,70.0,1009.0,1070.0,15.0,8.0,4.4
668,83,Comet,70.0,1012.0,1067.0,30.0,15.0,4.4
669,241,Hello My Name Is Ingrid 2016,70.0,1013.0,1076.0,30.0,15.2,5.2
670,113,Hello My Name Is Ingrid,42.0,1013.0,1078.0,70.0,35.0,4.4
671,313,Mallow Mafia,75.0,1025.0,1116.0,390.0,198.0,4.4
672,274,Prototype Black Rye IPA,70.0,1012.0,1060.0,135.0,69.0,4.5
673,3,Berliner Weisse With Yuzu - B-Sides,8.0,1007.0,1040.0,8.0,4.0,3.2
674,40,Hello My Name is Vladimir,70.0,1013.0,1076.0,16.0,8.0,4.4
675,18,Russian Doll – India Pale Ale,70.0,1012.0,1058.0,25.0,12.5,5.2
676,186,Jasmine IPA,40.0,1014.0,1060.0,35.0,17.5,4.4
677,324,Fools Gold Dortmunder Lager,32.0,1009.0,1052.0,11.0,6.0,4.2
678,57,Prototype 27,149.0,1014.0,1083.0,19.5,9.8,4.4
679,89,Citra,70.0,1013.0,1068.0,30.0,15.0,4.4
680,185,Tactical Nuclear Penguin,1157.0,1028.0,1157.0,250.0,127.0,4.4
681,311,Sonic Boom,60.0,1008.0,1058.0,11.0,6.0,4.6
682,88,Bavarian Weizen,55.0,1012.0,1060.0,30.0,15.0,4.4
683,87,Alpha Pop,30.0,1011.0,1045.0,25.0,12.5,4.4
684,246,Casino Rye Ale,40.0,1009.0,1049.0,25.0,12.7,5.2
685,92,AB:09,77.0,1022.0,1110.0,265.0,132.5,5.2
686,324,Fools Gold Dortmunder Lager,32.0,1009.0,1052.0,11.0,6.0,4.2
687,20,Rabiator,26.0,1014.0,1092.0,24.0,12.0,4.4
688,206,Black Jacques,45.0,1005.0,1089.0,15.0,7.5,4.4
689,324,Fools Gold Dortmunder Lager,32.0,1009.0,1052.0,11.0,6.0,4.2
690,193,Blitz Berliner Weisse,8.0,1040.0,1007.0,9.0,4.5,3.2
691,278,AB:23,80.0,1020.0,1110.0,80.0,41.0,4.1
692,140,Pioneer - IPA Is Dead,100.0,1010.0,1064.0,12.0,6.0,4.4
693,57,Prototype 27,149.0,1014.0,1083.0,19.5,9.8,4.4
694,274,Prototype Black Rye IPA,70.0,1012.0,1060.0,135.0,69.0,4.5
695,89,Citra,70.0,1013.0,1068.0,30.0,15.0,4.4
696,20,Rabiator,26.0,1014.0,1092.0,24.0,12.0,4.4
697,38,Belgian Trappist,55.0,1012.0,1060.0,30.0,15.0,4.4
698,135,Growler,38.0,1008.0,1042.9,18.0,9.0,4.4
699,208,Sunshine On Rye - B-Sides,130.0,1010.0,1065.0,14.0,7.0,5.2
700,263,Small Batch: Mandarina Lager,40.0,1008.0,1049.0,7.0,4.0,4.3
701,35,Berliner Weisse With Raspberries And Rhubarb - B-Sides,8.0,1007.0,1040.0,,,3.2
702,211,Black Dog,60.0,1020.0,1062.0,230.0,115.0,4.4
703,159,Black Tokyo Horizon (w/Nøgne Ø & Mikkeller),75.0,1030.0,1156.0,128.0,64.0,4.4
704,246,Casino Rye Ale,40.0,1009.0,1049.0,25.0,12.7,5.2
705,101,Riptide,45.0,1014.0,1075.0,240.0,120.0,4.4
706,118,Bounty Hunter - Shareholder Brew,35.0,1020.0,1068.0,250.0,125.0,4.2
707,197,Moshi Moshi 15,45.0,1011.0,1048.0,35.0,17.5,4.4
708,90,#Mashtag 2015,85.0,1020.0,1098.0,130.0,65.0,4.4
709,111,Vagabond Pilsner,55.0,1012.0,1046.0,25.0,12.5,4.4
710,272,Small Batch: Spelt & Honey Saison,22.0,1008.0,1046.0,8.0,4.0,4.1
711,100,Elvis Juice V2.0 - Prototype Challenge,60.0,1010.0,1060.0,25.0,12.5,4.4
712,4,Pilsen Lager,55.0,1012.0,1060.0,30.0,15.0,4.4
713,161,Tokyo Rising Sun - Highland,85.0,1023.0,1125.0,140.0,71.0,4.4
714,64,Sub Hop,35.0,1016.0,1077.0,15.0,7.5,4.4
715,90,#Mashtag 2015,85.0,1020.0,1098.0,130.0,65.0,4.4
716,271,Small Batch: Cranachan Cream Ale,8.0,1019.0,1069.0,10.0,5.0,4.3
717,323,Interstate Vienna Lager.,25.0,1007.0,1045.0,14.0,7.0,4.2
718,57,Prototype 27,149.0,1014.0,1083.0,19.5,9.8,4.4
719,74,Eurotrash,52.0,1010.0,1041.0,17.0,8.5,5.2
720,101,Riptide,45.0,1014.0,1075.0,240.0,120.0,4.4
721,112,Vote Sepp,20.0,1009.0,1036.0,8.0,4.0,4.1
722,7,AB:12,35.0,1017.0,1108.0,80.0,40.0,5.3
723,88,Bavarian Weizen,55.0,1012.0,1060.0,30.0,15.0,4.4
724,283,AB:24,50.0,1019.0,1110.0,220.0,112.0,4.4
725,173,Chinook - IPA Is Dead,100.0,1010.0,1064.0,12.0,6.0,4.4
726,193,Blitz Berliner Weisse,8.0,1040.0,1007.0,9.0,4.5,3.2
727,9,AB:07,30.0,1020.0,1106.0,84.0,42.0,5.6
728,219,Ship Wreck,60.0,1015.0,1088.0,25.0,13.0,4.4
729,277,Prototype Blonde Ale,15.0,1009.0,1044.0,12.0,6.0,4.6
730,316,SOS! (May Day!),34.0,1014.0,1060.0,21.0,11.0,4.2
731,3,Berliner Weisse With Yuzu - B-Sides,8.0,1007.0,1040.0,8.0,4.0,3.2
732,17,AB:06,150.0,1013.0,1098.0,70.0,35.0,
733,102,Peach Therapy,30.0,1000.0,1071.0,12.0,6.0,3.6
734,132,5am Saint,30.0,1012.0,1050.0,60.0,30.5,4.4
735,321,Jinx Pale Ale,35.0,1008.0,1043.0,13.0,7.0,4.6
736,285,Hello My Name Is Sari,70.0,1009.0,1070.0,15.0,8.0,4.4
737,251,Small Batch: Sorachi Ace Session,25.0,1005.0,1035.0,15.0,7.62,5.1
738,24,The End Of History,,1000.0,1112.0,,,4.4
739,127,Galaxy,67.0,1064.0,1013.0,19.0,9.5,4.4
740,115,Melon And Cucumber IPA - B-Sides,50.0,1010.0,1050.0,8.0,4.0,5.2
741,107,HBC 366 - IPA Is Dead,70.0,1012.0,1067.0,30.0,15.0,4.4
742,322,Jet Trash,65.0,1008.0,1060.0,18.0,9.0,4.6
743,325,Zipcode,37.0,1006.0,1044.0,5.0,3.0,4.4
744,37,Zephyr,125.0,1016.0,1087.0,40.0,20.0,4.4
745,153,Hoppy Saison - B-Sides,40.0,1010.0,1059.0,8.0,4.0,5.2
746,96,Lumberjack Stout,20.0,1020.0,1110.0,158.0,79.0,4.4
747,272,Small Batch: Spelt & Honey Saison,22.0,1008.0,1046.0,8.0,4.0,4.1
748,12,Arcade Nation,60.0,1012.0,1052.0,200.0,100.0,4.2
749,89,Citra,70.0,1013.0,1068.0,30.0,15.0,4.4
750,125,Juniper Wheat Beer,40.0,1008.0,1047.0,15.0,7.5,4.1
751,28,HBC 369,67.0,1064.0,1013.0,19.0,9.5,4.4
752,298,Declassified Demi-God,70.0,1020.0,1127.0,90.0,46.0,4.1
753,281,Homicidal Puppet Help Desk,132.0,1020.0,1105.0,45.0,23.0,4.1
754,137,Sink The Bismarck!,1085.0,1016.0,1085.0,40.0,20.0,4.4
755,18,Russian Doll – India Pale Ale,70.0,1012.0,1058.0,25.0,12.5,5.2
756,112,Vote Sepp,20.0,1009.0,1036.0,8.0,4.0,4.1
757,204,"Cascade, Centennial & Willamette IPA - B-Sides",65.0,1011.0,1060.0,14.0,7.0,5.2
758,126,Jet Black Heart,45.0,1019.0,1055.0,200.0,100.0,4.4
759,288,Hello My Name Is Agnetha,70.0,1009.0,1070.0,15.0,8.0,4.4
760,184,Atlantic IPA Ale,80.0,1013.0,1074.0,55.0,13.0,4.4
761,300,Indie Pale Ale,30.0,1008.0,1044.0,16.6,8.0,4.6
762,111,Vagabond Pilsner,55.0,1012.0,1046.0,25.0,12.5,4.4
763,34,Bourbon Baby,35.0,1005.0,1049.0,44.0,22.0,4.4
764,100,Elvis Juice V2.0 - Prototype Challenge,60.0,1010.0,1060.0,25.0,12.5,4.4
765,270,Blonde Export Stout,55.0,1020.0,1075.0,16.0,8.0,4.4
766,142,Orange Blossom - B-Sides,20.0,1000.0,1039.0,6.0,3.0,5.2
767,148,AB:02,70.0,1010.0,1150.0,57.0,28.5,4.4
768,192,Punk IPA 2007 - 2010,60.0,1010.0,1056.0,17.0,8.5,4.4
769,159,Black Tokyo Horizon (w/Nøgne Ø & Mikkeller),75.0,1030.0,1156.0,128.0,64.0,4.4
770,70,Sunmaid Stout,50.0,1102.0,1026.0,197.0,100.0,4.4
771,318,Neverland,40.0,1007.0,1048.0,12.0,6.0,4.2
772,245,Beatnik,60.0,1013.0,1075.0,60.0,30.5,5.2
773,233,Ace Of Citra,40.0,1011.0,1045.0,18.0,9.0,4.2
774,273,Prototype Double IPA,60.0,1007.0,1073.0,15.0,8.0,4.2
775,324,Fools Gold Dortmunder Lager,32.0,1009.0,1052.0,11.0,6.0,4.2
776,314,Manic Mango,20.0,1010.0,1057.0,12.0,6.0,4.4
777,219,Ship Wreck,60.0,1015.0,1088.0,25.0,13.0,4.4
778,70,Sunmaid Stout,50.0,1102.0,1026.0,197.0,100.0,4.4
779,220,Ace Of Simcoe,40.0,1011.0,1045.0,18.0,9.0,4.2
780,14,Alpha Dog,42.0,1025.0,1046.0,62.0,31.0,4.4
781,194,Hardkogt IPA,175.0,1014.0,1072.0,40.0,20.0,4.4
782,28,HBC 369,67.0,1064.0,1013.0,19.0,9.5,4.4
783,306,AB:25,35.0,1020.0,1113.0,90.0,46.0,4.2
784,64,Sub Hop,35.0,1016.0,1077.0,15.0,7.5,4.4
785,143,Lizard Bride - Prototype Challenge,35.0,1009.0,1053.0,25.0,12.5,4.4
786,19,Hello My Name Is Mette-Marit,70.0,1013.0,1076.0,,,4.4
787,128,White Noise,50.0,1012.0,1060.0,30.0,15.0,4.4
788,85,Santa Paws,35.0,1013.0,1048.0,44.0,22.0,4.4
789,35,Berliner Weisse With Raspberries And Rhubarb - B-Sides,8.0,1007.0,1040.0,,,3.2
790,217,Barrel Aged Albino Squid Assassin,65.0,1012.0,1069.0,60.0,30.0,4.2
791,87,Alpha Pop,30.0,1011.0,1045.0,25.0,12.5,4.4
792,262,Small Batch: Vermont IPA V2.0,35.0,1012.0,1066.0,15.0,7.6,4.2
793,60,Dogma,30.0,1023.0,1080.0,46.0,23.0,4.5
794,113,Hello My Name Is Ingrid,42.0,1013.0,1078.0,70.0,35.0,4.4
795,74,Eurotrash,52.0,1010.0,1041.0,17.0,8.5,5.2
796,16,Libertine Porter,45.0,1020.0,1067.0,219.0,109.5,4.4
797,175,San Diego Scotch Ale (w/Ballast Point),70.0,1018.0,1090.0,190.0,95.0,4.4
798,296,Off-Duty Alien,50.0,1010.0,1060.0,20.0,10.0,4.4
799,325,Zipcode,37.0,1006.0,1044.0,5.0,3.0,4.4
800,222,Dog E,100.0,1125.0,1015.0,500.0,254.0,4.4
801,31,Nanny State,55.0,1005.0,1007.0,30.0,15.0,4.4
802,238,Kingpin,40.0,1008.0,1044.0,14.0,7.0,4.2
803,202,Dog C,90.0,1003.0,1120.0,100.0,50.0,4.4
804,244,AB:21,100.0,1015.0,1130.0,200.0,101.6,5.1
805,293,I Wanna Be Your Dog,55.0,1035.0,1125.0,600.0,305.0,4.1
806,44,Dog Wired (w/8 Wired),65.0,1010.0,1065.0,13.0,6.5,4.4
807,85,Santa Paws,35.0,1013.0,1048.0,44.0,22.0,4.4
808,211,Black Dog,60.0,1020.0,1062.0,230.0,115.0,4.4
809,195,Hello My Name Is Holy Moose,35.0,1011.0,1053.0,25.0,12.5,4.4
810,43,American Wheat,17.0,1013.0,1047.0,10.0,5.0,5.3
811,304,Karma Cloud,50.0,1010.0,1060.0,35.0,18.0,4.4
812,214,Cult Lager,50.0,1049.0,1008.0,19.0,8.0,4.1
813,224,AB:20,20.0,1120.0,1025.0,67.0,34.0,4.0
814,107,HBC 366 - IPA Is Dead,70.0,1012.0,1067.0,30.0,15.0,4.4
815,302,Hazy Jane Bourbon Barrel Aged,30.0,1009.0,1065.0,15.0,8.0,4.2
816,192,Punk IPA 2007 - 2010,60.0,1010.0,1056.0,17.0,8.5,4.4
817,248,Twin Atlantic,80.0,1011.0,1048.0,19.0,9.7,5.2
818,219,Ship Wreck,60.0,1015.0,1088.0,25.0,13.0,4.4
819,15,Mixtape 8,50.0,1014.0,1093.0,40.0,20.0,4.4
820,28,HBC 369,67.0,1064.0,1013.0,19.0,9.5,4.4
821,10,Bramling X,75.0,1013.0,1068.0,22.0,11.0,4.4
822,47,AB:15,50.0,1020.0,1096.0,111.0,55.5,4.4
823,322,Jet Trash,65.0,1008.0,1060.0,18.0,9.0,4.6
824,134,Mr.Miyagi's Wasabi Stout,90.0,1015.0,1072.0,200.0,102.0,4.4
825,79,Hops Kill Nazis,70.0,1015.0,1073.0,59.0,29.5,4.4
826,81,India Session Lager - Prototype Challenge,35.0,1007.0,1040.0,12.0,6.0,4.4
827,81,India Session Lager - Prototype Challenge,35.0,1007.0,1040.0,12.0,6.0,4.4
828,25,Bad Pixie,45.0,1010.0,1047.0,8.0,4.0,4.4
829,309,Paradox Islay 2018,100.0,1015.0,1112.0,300.0,152.0,4.4
830,179,How To Disappear Completely,198.0,1010.0,1037.0,37.0,19.0,4.4
831,103,Clown King,85.0,1020.0,1130.0,24.0,12.0,4.4
832,314,Manic Mango,20.0,1010.0,1057.0,12.0,6.0,4.4
833,155,Old World Russian Imperial Stout,80.0,1014.0,1075.0,195.0,97.5,4.5
834,11,Misspent Youth,30.0,1020.0,1079.0,120.0,60.0,4.4
835,257,Semi Skimmed Occultist,70.0,1014.0,1080.0,160.0,81.28,4.1
836,306,AB:25,35.0,1020.0,1113.0,90.0,46.0,4.2
837,126,Jet Black Heart,45.0,1019.0,1055.0,200.0,100.0,4.4
838,237,Honey And Lemon Blitz,,1008.0,1039.0,8.0,4.0,3.2
839,265,Pump Action Poet,40.0,1013.0,1070.0,12.0,6.0,5.2
840,211,Black Dog,60.0,1020.0,1062.0,230.0,115.0,4.4
841,87,Alpha Pop,30.0,1011.0,1045.0,25.0,12.5,4.4
842,193,Blitz Berliner Weisse,8.0,1040.0,1007.0,9.0,4.5,3.2
843,304,Karma Cloud,50.0,1010.0,1060.0,35.0,18.0,4.4
844,322,Jet Trash,65.0,1008.0,1060.0,18.0,9.0,4.6
845,135,Growler,38.0,1008.0,1042.9,18.0,9.0,4.4
846,156,Hoppy Christmas,70.0,1012.0,1067.0,30.0,15.0,4.4
847,33,Sorachi Ace,75.0,1013.0,1068.0,30.0,15.0,4.4
848,156,Hoppy Christmas,70.0,1012.0,1067.0,30.0,15.0,4.4
849,302,Hazy Jane Bourbon Barrel Aged,30.0,1009.0,1065.0,15.0,8.0,4.2
850,171,Challenger,67.0,1013.0,1064.0,19.0,9.5,4.4
851,137,Sink The Bismarck!,1085.0,1016.0,1085.0,40.0,20.0,4.4
852,185,Tactical Nuclear Penguin,1157.0,1028.0,1157.0,250.0,127.0,4.4
853,70,Sunmaid Stout,50.0,1102.0,1026.0,197.0,100.0,4.4
854,67,Hunter Foundation Pale Ale,35.0,1008.0,1050.0,11.5,5.75,4.4
855,208,Sunshine On Rye - B-Sides,130.0,1010.0,1065.0,14.0,7.0,5.2
856,163,This. Is. Lager,37.0,1007.0,1043.0,10.0,6.0,4.2
857,192,Punk IPA 2007 - 2010,60.0,1010.0,1056.0,17.0,8.5,4.4
858,58,Coffee Imperial Stout,65.0,1019.0,1080.0,97.0,49.0,4.4
859,184,Atlantic IPA Ale,80.0,1013.0,1074.0,55.0,13.0,4.4
860,268,Hazy Jane,30.0,1009.0,1065.0,15.0,8.0,4.2
861,92,AB:09,77.0,1022.0,1110.0,265.0,132.5,5.2
862,236,Science IPA,,1011.0,1050.0,24.0,47.0,4.4
863,97,Bowman's Beard - B-Sides,50.0,1011.0,1067.0,15.0,8.0,5.3
864,234,Neon Overlord,70.0,1012.0,1067.0,20.0,10.0,4.4
865,11,Misspent Youth,30.0,1020.0,1079.0,120.0,60.0,4.4
866,177,Dog D,85.0,1015.0,1125.0,400.0,200.0,4.3
867,60,Dogma,30.0,1023.0,1080.0,46.0,23.0,4.5
868,311,Sonic Boom,60.0,1008.0,1058.0,11.0,6.0,4.6
869,243,Gin Blitz,8.0,1008.0,1038.0,8.0,4.0,3.2
870,255,Small Batch: Tripel,50.0,1008.0,1110.0,23.0,11.6,5.1
871,20,Rabiator,26.0,1014.0,1092.0,24.0,12.0,4.4
872,83,Comet,70.0,1012.0,1067.0,30.0,15.0,4.4
873,124,Chaos Theory,90.0,1013.0,1067.0,15.0,7.5,4.4
